title,abstract,label,year,journal
Cognitive Behavioral Therapy for Depression,CBT is effective for treating depression...,1,2023,Clinical Psychology
Machine Learning in Healthcare,ML applications in medical diagnosis...,0,2022,AI Medicine
Psychotherapy Effectiveness Study,Comparing different therapy approaches...,1,2023,Psychology Research
Database Optimization Techniques,Improving database performance...,0,2022,Computer Science
Depression Treatment in Primary Care,Treating depression in clinical settings...,1,2023,Primary Care
Network Security Protocols,Cybersecurity measures and protocols...,0,2022,Security Journal
Mental Health Interventions,Evidence-based mental health treatments...,1,2023,Mental Health
Financial Market Analysis,Stock market trends and predictions...,0,2022,Finance Review
Anxiety Disorder Treatment,Therapeutic approaches for anxiety...,1,2023,Anxiety Research
Solar Panel Efficiency,Improving renewable energy systems...,0,2022,Energy Journal
Cognitive Behavioral Therapy for Depression,CBT is effective for treating depression...,1,2023,Clinical Psychology
Machine Learning in Healthcare,ML applications in medical diagnosis...,0,2022,AI Medicine
Psychotherapy Effectiveness Study,Comparing different therapy approaches...,1,2023,Psychology Research
Database Optimization Techniques,Improving database performance...,0,2022,Computer Science
Depression Treatment in Primary Care,Treating depression in clinical settings...,1,2023,Primary Care
Network Security Protocols,Cybersecurity measures and protocols...,0,2022,Security Journal
Mental Health Interventions,Evidence-based mental health treatments...,1,2023,Mental Health
Financial Market Analysis,Stock market trends and predictions...,0,2022,Finance Review
Anxiety Disorder Treatment,Therapeutic approaches for anxiety...,1,2023,Anxiety Research
Solar Panel Efficiency,Improving renewable energy systems...,0,2022,Energy Journal
